method,mae,rmse,r2,quality_pct
Model,3.2655287954518015,6.28900339270369,0.08327722037327923,81.7664822083443
Persistence,4.662203314212874,8.709623154399775,-0.2957235790316749,78.29987389330375
Moving Average,6.81668607393244,9.487997325874725,0.045752892035503256,70.13245669635626
