metric,threshold,actual_spikes,predicted_spikes,precision,recall,f1,threshold_source
traffic_mbps,85.21173858642578,75,68,0.8970588235294118,0.8133333333333334,0.8531468531468531,training_metrics
latency_ms,4.833000183105469,72,135,0.4444444444444444,0.8333333333333334,0.5797101449275363,training_metrics
packet_loss_pct,0.171999990940094,73,100,0.51,0.6986301369863014,0.5895953757225434,training_metrics
