metric,unit,model_mae,baseline_mae,mae_improvement_pct,model_rmse,baseline_rmse,model_r2,quality_pct
traffic_mbps,Mbps,8.281335851604043,12.521618075801747,33.86369236410529,16.441488725449542,23.911960991229144,0.7610815949019156,89.97893979774587
latency_ms,ms,1.0166034250448563,1.3869475218658893,26.702098744356334,2.322217421112433,3.2329174095043602,0.1159496148911795,78.81766466279025
packet_loss_pct,%,0.35271960319571305,0.41646647230320705,15.306602895294606,0.8554783560344973,1.0560109384096437,-0.16808036371412927,76.57698610565589
