method,mae,rmse,r2,quality_pct
Model,3.216886293281537,6.539728167532157,0.2363169486929886,83.83813259098446
Persistence,4.775010689990281,9.400296446381049,-0.33288210490249265,77.71762017976667
Moving Average,6.917468739876903,10.003840897508105,0.0656306505047675,72.12885267910856
